Workbook

Sheet SPPD
A1: Kementerian Ketenagakerjaan R.I | H1: Lembar Ke | I1: :
A2: Direktorat Jenderal Pembinaan Pelatihan dan Produktivitas | H2: Kode No | I2: :
H3: Nomor | I3: : | J3: 2.23/157/LP.00.04/XI/2025
A5: SURAT PERJALANAN DINAS (SPD)
A8: 1. | B8: Pejabat Pembuat Komitmen | F8: Kaharuddin, S.Pd.
A11: 2. | B11: Nama /NIP Pegawai yang melaksanakan Perjalanan Dinas | F11: Eka Elvira, S.S.
F12: NIP. 19880831 202012 2 011
A15: 3. | B15: a. | C15: Pangkat dan golongan | F15: a. | G15: Penata Muda / IIIa
B16: b. | C16: Jabatan | F16: b. | G16: Pengantar Kerja Ahli Pratama
B17: c. | C17: Tingkat menurut peraturan Perjalanan Dinas | F17: c. | G17: C
A20: 4. | B20: Maksud Perjalanan Dinas | F20: Melaksanakan Koordinasi Pelatihan Project Based Learning (PBL), pada hari Senin s.d. Rabu, 10 November s.d. 12 November 2025 di UPTP BPVP Surakarta, Jl. Bhayangkara, No. 38, Panularan, Kec. Laweyan, Kota Surakarta, Jawa Tengah.
A24: 5. | B24: Alat angkutan yang dipergunakan | F24: Pesawat Udara
A27: 6. | B27: a. | C27: Tempat Berangkat | F27: a. | G27: Pangkep
B28: b. | C28: Tempat Tujuan | F28: b. | G28: Surakarta PP
A31: 7. | B31: a. | C31: Lamanya perjalanan dinas | F31: a. | G31: 3 | H31: (tiga) Hari
B32: b. | C32: Tanggal berangkat | F32: b. | G32: 10 - 11 - 2025
B33: c. | C33: Tanggal harus kembali/tiba ditempat baru*) | F33: c. | G33: 12 - 11 - 2025
A35: 8. | B35: Pengikut Nama | F35: Tanggal lahir | J35: Keterangan
B36: 1.
B37: 2.
B38: 3.
B39: 4.
B40: 5.
A42: 9. | B42: Pembebanan Anggaran | D42: :
B43: a. | C43: Instansi | D43: : | F43: a. | G43: BPVP Pangkep
B44: b. | C44: Akun | D44: : | F44: b. | G44: 4053.PDI.002.054.B.524111
F46: 2.23/5089/LP.00.04/XI/2025
A47: 10. | B47: Keterangan Lain-lain
A49: *) | B49: coret yang tidak perlu
H51: Dikeluarkan di | I51: : | J51: PANGKEP
H52: Tanggal | I52: : | J52: 07 - 11 - 2025
H53: a.n. Kuasa Pengguna Anggaran
H54: Pejabat Pembuat Komitmen
H58: =F8 -> Kaharuddin, S.Pd.
H59: NIP. 19920524 202012 1 014

Sheet Lumpsum
A1: RINCIAN BIAYA PERJALANAN
C3: Lampiran SPD Nomor | H3: : | I3: =SPPD!J3 -> 2.23/157/LP.00.04/XI/2025
C4: Tanggal | H4: : | I4: =SPPD!J52 -> 07 - 11 - 2025
A7: No. | B7: PERINCIAN BIAYA | J7: JUMLAH | K7: KET
A9: 1. | B9: Uang Harian | E9: 3 | F9: hari | G9: @ | I9: 370000 | J9: =E9*I9 -> 1110000
A10: 2. | B10: Transport Bandara - Tempat Kedudukan PP | J10: =68600+60000+76500+22500 -> 227600
A11: 3. | B11: Uang Penginapan | J11: 817550
A12: 4. | B12: Tiket Makassar - Surakarta PP | J12: =1542100+1553801 -> 3095901
A14: TOTAL | J14: =SUM(J9:J13) -> 5251051
A15: Terbilang: | C15: {=PROPER([1]!terbilang(J14))&" Rupiah"} -> #NAME?
I17: Pangkep, …......................
B19: Telah dibayar sejumlah | I19: Telah menerima jumlah uang sebesar
B20: =J14 -> 5251051 | I20: =J14 -> 5251051
B22: Bendahara Pengeluaran, | I22: Yang Menerima,
B27: Ni'matul Chasanah, A.Md. | I27: =SPPD!F11 -> Eka Elvira, S.S.
B28: NIP. 19870522 202012 2 013 | I28: =SPPD!F12 -> NIP. 19880831 202012 2 011
A31: PERHITUNGAN SPPD RAMPUNG
A34: Ditetapkan sejumlah | G34: =J14 -> 5251051
A35: Yang telah dibayarkan semula | G35: =J14 -> 5251051
A36: Sisa kurang / Lebih | G36: N I H I L
G40: Pejabat yang berwenang / Pejabat lain yang ditunjuk
G41: a.n. Kuasa Pengguna Anggaran
G42: Pejabat Pembuat Komitmen
G47: =SPPD!H58 -> Kaharuddin, S.Pd.
G48: =SPPD!H59 -> NIP. 19920524 202012 1 014

Sheet Kuitansi
A1: ( KEMENTERIAN/ LEMBAGA ) | B1: : | C1: KEMENTERIAN KETENAGAKERJAAN RI
B3: Bukti Kas No | E3: :
B4: Beban MAK | E4: : | F4: =SPPD!G44 -> 4053.PDI.002.054.B.524111
B5: Tahun Anggaran | E5: : | F5: 2025
A7: K U I T A N S I
A11: Sudah terima dari | B11: : | C11: Pejabat Pembuat Komitmen BPVP Pangkep
A13: Uang sebesar | B13: : | C13: =Lumpsum!J14 -> 5251051
A15: Terbilang | B15: : | C15: =Lumpsum!C15 -> #NAME?
A18: Untuk Pembayaran | B18: : | C18: =SPPD!F20 -> Melaksanakan Koordinasi Pelatihan Project Based Learning (PBL), pada hari Senin s.d. Rabu, 10 November s.d. 12 November 2025 di UPTP BPVP Surakarta, Jl. Bhayangkara, No. 38, Panularan, Kec. Laweyan, Kota Surakarta, Jawa Tengah.
A22: Berdasarkan SPD Nomor | B22: : | C22: =SPPD!J3 -> 2.23/157/LP.00.04/XI/2025
A24: Tanggal | B24: : | C24: =SPPD!J52 -> 07 - 11 - 2025
A26: Untuk perjalanan dinas dari | B26: : | C26: =SPPD!G27 -> Pangkep | E26: Ke | F26: =SPPD!G28 -> Surakarta PP
F30: Yang menerima,
F34: =SPPD!F11 -> Eka Elvira, S.S.
F35: =SPPD!F12 -> NIP. 19880831 202012 2 011
A39: Setuju Dibayar | F39: Lunas Dibayar, ………………….
A40: a.n. Kuasa Pengguna Anggaran | F40: Bendahara Pengeluaran
A41: Pejabat Pembuat Komitmen
A45: =SPPD!H58 -> Kaharuddin, S.Pd. | F45: =Lumpsum!B27 -> Ni'matul Chasanah, A.Md.
A46: =SPPD!H59 -> NIP. 19920524 202012 1 014 | D46: NIP. 19620718 198502 2 001 | F46: =Lumpsum!B28 -> NIP. 19870522 202012 2 013
